{"cameraMode":{"drawMode":0,"name":"Shaded","section":"Shading Mode"},"sceneLighting":true,"audioPlay":false,"sceneViewState":{"showFog":true,"showMaterialUpdate":false,"showSkybox":true,"showFlares":true,"showImageEffects":true,"showParticleSystems":true},"in2DMode":false,"pivot":{"x":1.246347188949585,"y":3.7278947830200197,"z":8.900863647460938},"rotation":{"x":-0.07444410771131516,"y":-0.49367064237594607,"z":0.04246603325009346,"w":-0.8654155731201172},"size":1.8452343940734864,"orthographic":false}